Bucket,Units,Percent
Reserve,449357000,0.449357
Community,250000000,0.25
DEX Liquidity,150000000,0.15
Team,100000000,0.1
Treasury,50643000,0.050643
