Bucket,Destination,Tokens,Percent,BaseUnits
Reserve,Vesting_Reserve,449357000,0.449357,449357000000000000000000000
Community,Vesting_Community,250000000,0.25,250000000000000000000000000
DEX Liquidity,OPS_SAFE_Liquidity,150000000,0.15,150000000000000000000000000
Team,Vesting_Team,100000000,0.1,100000000000000000000000000
Treasury,Vesting_Treasury,50643000,0.050643,50643000000000000000000000
